Date,Medicine_Name,Units_Sold
2025-04-22,Paracetamol 500mg,5
2025-04-22,Cetirizine 10mg,1
2025-04-22,Cough Syrup 100ml,2
2025-04-22,Pantoprazole 40mg,3
2025-04-22,Vitamin D3 60000 IU,4
2025-04-22,ORS Sachet,2
2025-04-22,Azithromycin 500mg,3
2025-04-22,Vitamin D3 60000 IU,9
2025-04-22,Pantoprazole 40mg,6
2025-04-22,ORS Sachet,8
2025-04-22,ORS Sachet,10
2025-04-22,Amoxicillin 250mg,7
2025-04-22,Azithromycin 500mg,2
2025-04-22,Dolo 650mg,9
2025-04-22,Azithromycin 500mg,4
2025-04-22,Amoxicillin 250mg,5
2025-04-22,Cough Syrup 100ml,9
2025-04-22,Ibuprofen 400mg,5
2025-04-22,Ibuprofen 400mg,2
2025-04-22,Ibuprofen 400mg,2
2025-04-22,Amoxicillin 250mg,9
2025-04-22,Azithromycin 500mg,3
2025-04-22,Vitamin D3 60000 IU,2
2025-04-22,Cetirizine 10mg,8
2025-04-22,Amoxicillin 250mg,4
2025-04-22,Cough Syrup 100ml,7
2025-04-22,ORS Sachet,6
2025-04-22,Amoxicillin 250mg,2
2025-04-22,Ibuprofen 400mg,9
2025-04-22,Azithromycin 500mg,5
2025-04-22,Vitamin D3 60000 IU,3
2025-04-22,Azithromycin 500mg,7
2025-04-22,Azithromycin 500mg,5
2025-04-22,Cetirizine 10mg,9
2025-04-22,ORS Sachet,7
2025-04-22,Paracetamol 500mg,1
2025-04-22,Amoxicillin 250mg,3
2025-04-22,Cetirizine 10mg,10
2025-04-22,Dolo 650mg,9
2025-04-22,Paracetamol 500mg,8
2025-04-22,Azithromycin 500mg,3
2025-04-22,Paracetamol 500mg,4
2025-04-22,Ibuprofen 400mg,6
