Date,Medicine_Name,Units_Sold
2025-04-23,Cough Syrup 100ml,4
2025-04-23,Cough Syrup 100ml,9
2025-04-23,Pantoprazole 40mg,7
2025-04-23,Paracetamol 500mg,4
2025-04-23,Vitamin D3 60000 IU,1
2025-04-23,Cough Syrup 100ml,8
2025-04-23,Vitamin D3 60000 IU,5
2025-04-23,Paracetamol 500mg,10
2025-04-23,Pantoprazole 40mg,5
2025-04-23,Dolo 650mg,9
2025-04-23,Azithromycin 500mg,1
2025-04-23,Cough Syrup 100ml,4
2025-04-23,Dolo 650mg,7
2025-04-23,ORS Sachet,4
2025-04-23,Cough Syrup 100ml,8
2025-04-23,Vitamin D3 60000 IU,5
2025-04-23,Ibuprofen 400mg,10
2025-04-23,Azithromycin 500mg,3
2025-04-23,Cough Syrup 100ml,7
2025-04-23,Ibuprofen 400mg,9
2025-04-23,Pantoprazole 40mg,4
2025-04-23,Amoxicillin 250mg,3
2025-04-23,Azithromycin 500mg,2
2025-04-23,Cough Syrup 100ml,7
2025-04-23,Paracetamol 500mg,5
2025-04-23,Vitamin D3 60000 IU,10
2025-04-23,Cough Syrup 100ml,7
2025-04-23,Azithromycin 500mg,1
2025-04-23,Paracetamol 500mg,4
2025-04-23,Dolo 650mg,5
2025-04-23,Cough Syrup 100ml,2
2025-04-23,Paracetamol 500mg,6
2025-04-23,Paracetamol 500mg,5
2025-04-23,Paracetamol 500mg,7
2025-04-23,Pantoprazole 40mg,2
2025-04-23,Vitamin D3 60000 IU,8
2025-04-23,Cetirizine 10mg,8
2025-04-23,Ibuprofen 400mg,9
2025-04-23,Cetirizine 10mg,9
2025-04-23,Azithromycin 500mg,9
2025-04-23,Ibuprofen 400mg,8
2025-04-23,Ibuprofen 400mg,8
2025-04-23,Dolo 650mg,1
2025-04-23,Ibuprofen 400mg,7
2025-04-23,Azithromycin 500mg,1
2025-04-23,Cetirizine 10mg,4
2025-04-23,Paracetamol 500mg,4
