Date,Medicine_Name,Units_Sold
2025-04-25,Vitamin D3 60000 IU,1
2025-04-25,Amoxicillin 250mg,5
2025-04-25,Vitamin D3 60000 IU,6
2025-04-25,Cough Syrup 100ml,2
2025-04-25,Ibuprofen 400mg,8
2025-04-25,Vitamin D3 60000 IU,3
2025-04-25,Azithromycin 500mg,10
2025-04-25,Azithromycin 500mg,2
2025-04-25,Ibuprofen 400mg,9
2025-04-25,Dolo 650mg,7
2025-04-25,Cetirizine 10mg,10
2025-04-25,Amoxicillin 250mg,4
2025-04-25,Pantoprazole 40mg,1
2025-04-25,Amoxicillin 250mg,6
2025-04-25,Dolo 650mg,8
2025-04-25,Amoxicillin 250mg,6
2025-04-25,Amoxicillin 250mg,8
2025-04-25,Cough Syrup 100ml,8
2025-04-25,Ibuprofen 400mg,2
2025-04-25,Ibuprofen 400mg,10
2025-04-25,Ibuprofen 400mg,5
2025-04-25,Cetirizine 10mg,2
2025-04-25,Amoxicillin 250mg,4
2025-04-25,Pantoprazole 40mg,2
2025-04-25,Paracetamol 500mg,10
2025-04-25,Paracetamol 500mg,1
2025-04-25,Azithromycin 500mg,9
2025-04-25,Ibuprofen 400mg,4
2025-04-25,Cetirizine 10mg,6
2025-04-25,ORS Sachet,8
2025-04-25,Pantoprazole 40mg,9
2025-04-25,Cough Syrup 100ml,8
2025-04-25,Ibuprofen 400mg,7
2025-04-25,Dolo 650mg,1
2025-04-25,ORS Sachet,3
2025-04-25,Dolo 650mg,7
2025-04-25,Cough Syrup 100ml,4
2025-04-25,Dolo 650mg,6
2025-04-25,ORS Sachet,5
