Date,Medicine_Name,Units_Sold
2025-04-24,Ibuprofen 400mg,8
2025-04-24,Paracetamol 500mg,4
2025-04-24,Vitamin D3 60000 IU,4
2025-04-24,Vitamin D3 60000 IU,2
2025-04-24,Azithromycin 500mg,1
2025-04-24,Amoxicillin 250mg,7
2025-04-24,Azithromycin 500mg,9
2025-04-24,Pantoprazole 40mg,1
2025-04-24,Dolo 650mg,10
2025-04-24,Paracetamol 500mg,9
2025-04-24,Cetirizine 10mg,10
2025-04-24,Cetirizine 10mg,7
2025-04-24,Paracetamol 500mg,6
2025-04-24,Pantoprazole 40mg,6
2025-04-24,Amoxicillin 250mg,4
2025-04-24,Ibuprofen 400mg,6
2025-04-24,Ibuprofen 400mg,3
2025-04-24,Azithromycin 500mg,9
2025-04-24,Paracetamol 500mg,9
2025-04-24,Cetirizine 10mg,6
2025-04-24,Cough Syrup 100ml,5
2025-04-24,Amoxicillin 250mg,3
2025-04-24,Paracetamol 500mg,5
2025-04-24,Vitamin D3 60000 IU,10
2025-04-24,Dolo 650mg,2
2025-04-24,Cough Syrup 100ml,1
2025-04-24,Amoxicillin 250mg,6
2025-04-24,ORS Sachet,9
2025-04-24,Vitamin D3 60000 IU,5
2025-04-24,Ibuprofen 400mg,9
2025-04-24,Cetirizine 10mg,2
2025-04-24,Ibuprofen 400mg,9
2025-04-24,Paracetamol 500mg,9
2025-04-24,Azithromycin 500mg,10
2025-04-24,Dolo 650mg,6
2025-04-24,Azithromycin 500mg,8
2025-04-24,Pantoprazole 40mg,10
2025-04-24,ORS Sachet,2
2025-04-24,Paracetamol 500mg,1
2025-04-24,Cetirizine 10mg,2
2025-04-24,Dolo 650mg,7
2025-04-24,Azithromycin 500mg,2
