Medicine_Name,Batch_ID,Last_Refill_Date,Expiry_Date,Remaining_Stock,Cost_Price (per unit),Selling_Price (per unit),Lead_Time_Day
Paracetamol 500mg,BATCH001,10-04-2025,01-02-2026,150,5,10,5
Cough Syrup 100ml,BATCH002,15-04-2025,15-08-2025,50,30,55,7
Amoxicillin 250mg,BATCH003,30-03-2025,01-12-2025,80,12,20,4
Ibuprofen 400mg,BATCH004,18-04-2025,10-01-2026,100,8,15,6
Cetirizine 10mg,BATCH005,20-04-2025,20-03-2026,40,2,5,3
Vitamin D3 60000 IU,BATCH006,22-04-2025,15-04-2026,30,15,30,10
ORS Sachet,BATCH007,12-04-2025,30-11-2025,300,3,8,5
Pantoprazole 40mg,BATCH008,05-04-2025,01-10-2025,10,6,12,7
Azithromycin 500mg,BATCH009,14-04-2025,20-09-2025,90,18,35,6
Dolo 650mg,BATCH010,11-04-2025,05-01-2026,13,5,10,9
